{
  "skillManifest": {
    "publishingInformation": {
      "locales": {
        "en-US": {
          "summary": "Ask an expert for a recommendation on what to do in your city.",
          "examplePhrases": [
            "Alexa open city guide",
            "Alexa tell city guide i'm hungry",
            "Alexa ask city guide to give me an activity"
          ],
          "name": "City Guide",
          "description": "Ask an expert for a recommendation on what to do in your city. You can even ask for tips within a specific distance."
        }
      },
      "isAvailableWorldwide": true,
      "testingInstructions": "Sample Testing Instructions.",
      "category": "EDUCATION_AND_REFERENCE",
      "distributionCountries": []
    },
    "apis": {
      "custom": {
        "endpoint": {
          "sourceDir": "lambda/custom"
        }
      }
    },
    "manifestVersion": "1.0"
  }
}
